2;FLATBARLENKER;KUNSTSTOFF;NABENSCHALTUNG;KUNSTSTOFFGRIFF;1061.1145503282073;Sun Mar 14 01:00:00 CET 2021;2020-11-27T18:46:03.734576800+01:00;
